ID,Banked,BusinessProcessId,CorrespondingMessageId,Description,ErrorStatus,Invocation,IsError,MessageBodyClassName,MessageBodyId,Priority,Resent,ReturnQueueName,SessionId,SourceBusinessType,SourceConfigName,Status,SuperSession,TargetBusinessType,TargetConfigName,TargetQueueName,TimeCreated,TimeProcessed,Type
1584253,0,,,10.0.192.122 (Source IP),1,Inproc,0,HS.Message.XMLMessage,360866,Sync,,,1584253,BusinessService,MA.CEN.IHE.XDSb.Registry.Services,Completed,,BusinessProcess,MA.CEN.IHE.XDSb.Query.Process,,14:08.0,14:09.4,Request
1584254,0,,,,1,Inproc,0,HS.Message.PatientSearchRequest,1200919,Sync,,,1584253,BusinessProcess,MA.CEN.IHE.XDSb.Query.Process,Completed,,BusinessProcess,MA.CEN.Registry.Patient.Manager.IG,,14:08.0,14:08.0,Request
1584255,0,,,,1,Inproc,0,HS.Message.PatientSearchRequest,1200920,Sync,,,1584253,BusinessProcess,MA.CEN.Registry.Patient.Manager.IG,Completed,,BusinessOperation,MA.CEN.Registry.Patient.Operations.IG,,14:08.0,14:08.0,Request
1584256,0,,,,1,Inproc,0,MA.Message.PatientSearchResponse,1200921,Sync,,,1584253,BusinessOperation,MA.CEN.Registry.Patient.Operations.IG,Completed,,BusinessProcess,MA.CEN.Registry.Patient.Manager.IG,,14:08.0,14:08.0,Response
1584257,0,,1584260,,1,Queue,0,HS.Message.PatientSearchRequest,1200920,Sync,,_SyncCall:384112,1584253,BusinessProcess,MA.CEN.Registry.Patient.Manager.IG,Completed,,BusinessProcess,MA.CEN.EMPI.ManagerV2,MA.CEN.EMPI.ManagerV2,14:08.0,14:08.0,Request
1584258,0,,,,1,Inproc,0,HS.Message.PatientSearchRequest,1200922,Sync,,,1584253,BusinessProcess,MA.CEN.EMPI.ManagerV2,Completed,,BusinessOperation,MA.CEN.Hub.Operations,,14:08.0,14:08.0,Request
1584259,0,,,,1,Inproc,0,HS.Message.PatientSearchResponse,1200923,Sync,,,1584253,BusinessOperation,MA.CEN.Hub.Operations,Completed,,BusinessProcess,MA.CEN.EMPI.ManagerV2,,14:08.0,14:08.0,Response
1584260,0,,1584257,,1,Queue,0,HS.Message.PatientSearchResponse,1200923,Sync,,,1584253,BusinessProcess,MA.CEN.EMPI.ManagerV2,Completed,,BusinessProcess,MA.CEN.Registry.Patient.Manager.IG,_SyncCall:384112,14:08.0,14:08.0,Response
1584261,0,,,,1,Inproc,0,MA.Message.PatientSearchResponse,1200924,Sync,,,1584253,BusinessProcess,MA.CEN.Registry.Patient.Manager.IG,Completed,,BusinessProcess,MA.CEN.IHE.XDSb.Query.Process,,14:08.0,14:08.0,Response
1584262,0,,,,1,Inproc,0,MA.Message.PatientSearchResponse,1200924,Sync,,,1584253,BusinessProcess,MA.CEN.IHE.XDSb.Query.Process,Completed,,BusinessProcess,MA.CEN.Consent.Manager,,14:08.0,14:08.0,Request
1584263,0,,,,1,Inproc,0,MA.Message.PatientSearchResponse,1200925,Sync,,,1584253,BusinessProcess,MA.CEN.Consent.Manager,Completed,,BusinessProcess,MA.CEN.IHE.XDSb.Query.Process,,14:08.0,14:08.0,Response
1584264,0,,,,1,Inproc,0,HS.Message.PatientSearchRequest,1200926,Sync,,,1584253,BusinessProcess,MA.CEN.IHE.XDSb.Query.Process,Completed,,BusinessProcess,MA.QHIN.IHE.XCPD.InitiatingGateway.Process,,14:08.0,14:08.7,Request
1584265,0,,,,1,Inproc,0,MA.Message.DirectorySearchRequest,1200927,Sync,,,1584253,BusinessProcess,MA.QHIN.IHE.XCPD.InitiatingGateway.Process,Completed,,BusinessProcess,MA.CEN.Directory.Manager,,14:08.0,14:08.1,Request
1584266,0,,,,1,Inproc,0,MA.Message.DirectorySearchRequest,1200927,Sync,,,1584253,BusinessProcess,MA.CEN.Directory.Manager,Completed,,BusinessOperation,MA.CEN.Directory.Operations,,14:08.0,14:08.1,Request
1584267,0,,,,1,Inproc,0,MA.Message.DirectorySearchResponse,1200928,Sync,,,1584253,BusinessOperation,MA.CEN.Directory.Operations,Completed,,BusinessProcess,MA.CEN.Directory.Manager,,14:08.1,14:08.1,Response
1584268,0,,,,1,Inproc,0,MA.Message.DirectorySearchResponse,1200928,Sync,,,1584253,BusinessProcess,MA.CEN.Directory.Manager,Completed,,BusinessProcess,MA.QHIN.IHE.XCPD.InitiatingGateway.Process,,14:08.1,14:08.1,Response
1584269,0,,1584298,,1,Queue,0,HS.Message.PatientSearchRequest,1200929,Sync,,_SyncCall:384112,1584253,BusinessProcess,MA.QHIN.IHE.XCPD.InitiatingGateway.Process,Completed,,BusinessOperation,MA.QHIN.IHE.XCPD.InitiatingGateway.Operations,MA.QHIN.IHE.XCPD.InitiatingGateway.Operations,14:08.1,14:08.7,Request
1584270,0,,1584292,,1,Queue,0,HS.Message.PatientSearchRequest,1200930,Sync,,_SyncCall:384112,1584253,BusinessProcess,MA.QHIN.IHE.XCPD.InitiatingGateway.Process,Completed,,BusinessOperation,MA.QHIN.IHE.XCPD.InitiatingGateway.Operations,MA.QHIN.IHE.XCPD.InitiatingGateway.Operations,14:08.1,14:08.5,Request
1584271,0,,1584282,,1,Queue,0,HS.Message.PatientSearchRequest,1200931,Sync,,_SyncCall:384112,1584253,BusinessProcess,MA.QHIN.IHE.XCPD.InitiatingGateway.Process,Completed,,BusinessOperation,MA.QHIN.IHE.XCPD.InitiatingGateway.Operations,MA.QHIN.IHE.XCPD.InitiatingGateway.Operations,14:08.1,14:08.3,Request
1584272,0,,1584281,,1,Queue,0,HS.Message.PatientSearchRequest,1200932,Sync,,_SyncCall:384112,1584253,BusinessProcess,MA.QHIN.IHE.XCPD.InitiatingGateway.Process,Completed,,BusinessOperation,MA.QHIN.IHE.XCPD.InitiatingGateway.Operations,MA.QHIN.IHE.XCPD.InitiatingGateway.Operations,14:08.1,14:08.3,Request
1584273,0,,1584296,,1,Queue,0,HS.Message.PatientSearchRequest,1200933,Sync,,_SyncCall:384112,1584253,BusinessProcess,MA.QHIN.IHE.XCPD.InitiatingGateway.Process,Completed,,BusinessOperation,MA.QHIN.IHE.XCPD.InitiatingGateway.Operations,MA.QHIN.IHE.XCPD.InitiatingGateway.Operations,14:08.1,14:08.6,Request
1584274,0,,1584290,,1,Queue,0,HS.Message.PatientSearchRequest,1200934,Sync,,_SyncCall:384112,1584253,BusinessProcess,MA.QHIN.IHE.XCPD.InitiatingGateway.Process,Completed,,BusinessOperation,MA.QHIN.IHE.XCPD.InitiatingGateway.Operations,MA.QHIN.IHE.XCPD.InitiatingGateway.Operations,14:08.1,14:08.4,Request
1584275,0,,1584285,,1,Queue,0,HS.Message.PatientSearchRequest,1200935,Sync,,_SyncCall:384112,1584253,BusinessProcess,MA.QHIN.IHE.XCPD.InitiatingGateway.Process,Completed,,BusinessOperation,MA.QHIN.IHE.XCPD.InitiatingGateway.Operations,MA.QHIN.IHE.XCPD.InitiatingGateway.Operations,14:08.1,14:08.3,Request
1584276,0,,1584289,,1,Queue,0,HS.Message.PatientSearchRequest,1200936,Sync,,_SyncCall:384112,1584253,BusinessProcess,MA.QHIN.IHE.XCPD.InitiatingGateway.Process,Completed,,BusinessOperation,MA.QHIN.IHE.XCPD.InitiatingGateway.Operations,MA.QHIN.IHE.XCPD.InitiatingGateway.Operations,14:08.1,14:08.4,Request
1584277,0,,1584294,,1,Queue,0,HS.Message.PatientSearchRequest,1200937,Sync,,_SyncCall:384112,1584253,BusinessProcess,MA.QHIN.IHE.XCPD.InitiatingGateway.Process,Completed,,BusinessOperation,MA.QHIN.IHE.XCPD.InitiatingGateway.Operations,MA.QHIN.IHE.XCPD.InitiatingGateway.Operations,14:08.1,14:08.5,Request
1584278,0,,1584286,,1,Queue,0,HS.Message.PatientSearchRequest,1200938,Sync,,_SyncCall:384112,1584253,BusinessProcess,MA.QHIN.IHE.XCPD.InitiatingGateway.Process,Completed,,BusinessOperation,MA.QHIN.IHE.XCPD.InitiatingGateway.Operations,MA.QHIN.IHE.XCPD.InitiatingGateway.Operations,14:08.1,14:08.3,Request
1584281,0,,1584272,,1,Queue,0,HS.Message.PatientSearchResponse,1200941,Sync,,,1584253,BusinessOperation,MA.QHIN.IHE.XCPD.InitiatingGateway.Operations,Completed,,BusinessProcess,MA.QHIN.IHE.XCPD.InitiatingGateway.Process,_SyncCall:384112,14:08.3,14:08.3,Response
1584282,0,,1584271,,1,Queue,0,HS.Message.PatientSearchResponse,1200942,Sync,,,1584253,BusinessOperation,MA.QHIN.IHE.XCPD.InitiatingGateway.Operations,Completed,,BusinessProcess,MA.QHIN.IHE.XCPD.InitiatingGateway.Process,_SyncCall:384112,14:08.3,14:08.3,Response
1584285,0,,1584275,,1,Queue,0,HS.Message.PatientSearchResponse,1200945,Sync,,,1584253,BusinessOperation,MA.QHIN.IHE.XCPD.InitiatingGateway.Operations,Completed,,BusinessProcess,MA.QHIN.IHE.XCPD.InitiatingGateway.Process,_SyncCall:384112,14:08.3,14:08.3,Response
1584286,0,,1584278,,1,Queue,0,HS.Message.PatientSearchResponse,1200946,Sync,,,1584253,BusinessOperation,MA.QHIN.IHE.XCPD.InitiatingGateway.Operations,Completed,,BusinessProcess,MA.QHIN.IHE.XCPD.InitiatingGateway.Process,_SyncCall:384112,14:08.3,14:08.3,Response
1584289,0,,1584276,,1,Queue,0,HS.Message.PatientSearchResponse,1200949,Sync,,,1584253,BusinessOperation,MA.QHIN.IHE.XCPD.InitiatingGateway.Operations,Completed,,BusinessProcess,MA.QHIN.IHE.XCPD.InitiatingGateway.Process,_SyncCall:384112,14:08.4,14:08.4,Response
1584290,0,,1584274,,1,Queue,0,HS.Message.PatientSearchResponse,1200950,Sync,,,1584253,BusinessOperation,MA.QHIN.IHE.XCPD.InitiatingGateway.Operations,Completed,,BusinessProcess,MA.QHIN.IHE.XCPD.InitiatingGateway.Process,_SyncCall:384112,14:08.4,14:08.4,Response
1584292,0,,1584270,,1,Queue,0,HS.Message.PatientSearchResponse,1200952,Sync,,,1584253,BusinessOperation,MA.QHIN.IHE.XCPD.InitiatingGateway.Operations,Completed,,BusinessProcess,MA.QHIN.IHE.XCPD.InitiatingGateway.Process,_SyncCall:384112,14:08.5,14:08.5,Response
1584294,0,,1584277,,1,Queue,0,HS.Message.PatientSearchResponse,1200954,Sync,,,1584253,BusinessOperation,MA.QHIN.IHE.XCPD.InitiatingGateway.Operations,Completed,,BusinessProcess,MA.QHIN.IHE.XCPD.InitiatingGateway.Process,_SyncCall:384112,14:08.5,14:08.5,Response
1584296,0,,1584273,,1,Queue,0,HS.Message.PatientSearchResponse,1200956,Sync,,,1584253,BusinessOperation,MA.QHIN.IHE.XCPD.InitiatingGateway.Operations,Completed,,BusinessProcess,MA.QHIN.IHE.XCPD.InitiatingGateway.Process,_SyncCall:384112,14:08.6,14:08.6,Response
1584298,0,,1584269,,1,Queue,0,HS.Message.PatientSearchResponse,1200958,Sync,,,1584253,BusinessOperation,MA.QHIN.IHE.XCPD.InitiatingGateway.Operations,Completed,,BusinessProcess,MA.QHIN.IHE.XCPD.InitiatingGateway.Process,_SyncCall:384112,14:08.7,14:08.7,Response
1584299,0,,,,1,Inproc,0,HS.Message.PatientSearchResponse,1200959,Sync,,,1584253,BusinessProcess,MA.QHIN.IHE.XCPD.InitiatingGateway.Process,Completed,,BusinessProcess,MA.CEN.IHE.XDSb.Query.Process,,14:08.7,14:08.7,Response
1584300,0,,1584308,,1,Queue,0,MA.Message.DocumentSearchRequest,1200960,Sync,,_SyncCall:384112,1584253,BusinessProcess,MA.CEN.IHE.XDSb.Query.Process,Completed,,BusinessProcess,MA.QHIN.IHE.XCA.InitiatingGateway.Process,MA.QHIN.IHE.XCA.InitiatingGateway.Process,14:08.7,14:09.1,Request
1584301,0,,,,1,Inproc,0,MA.Message.DirectorySearchRequest,1200961,Sync,,,1584253,BusinessProcess,MA.QHIN.IHE.XCA.InitiatingGateway.Process,Completed,,BusinessProcess,MA.CEN.Directory.Manager,,14:08.7,14:08.7,Request
1584302,0,,,,1,Inproc,0,MA.Message.DirectorySearchRequest,1200961,Sync,,,1584253,BusinessProcess,MA.CEN.Directory.Manager,Completed,,BusinessOperation,MA.CEN.Directory.Operations,,14:08.7,14:08.7,Request
1584303,0,,,,1,Inproc,0,MA.Message.DirectorySearchResponse,1200962,Sync,,,1584253,BusinessOperation,MA.CEN.Directory.Operations,Completed,,BusinessProcess,MA.CEN.Directory.Manager,,14:08.7,14:08.7,Response
1584304,0,,,,1,Inproc,0,MA.Message.DirectorySearchResponse,1200963,Sync,,,1584253,BusinessProcess,MA.CEN.Directory.Manager,Completed,,BusinessProcess,MA.QHIN.IHE.XCA.InitiatingGateway.Process,,14:08.7,14:08.7,Response
1584305,0,,1584307,,1,Inproc,0,MA.Message.DocumentSearchRequest,1200964,Sync,,na,1584253,BusinessProcess,MA.QHIN.IHE.XCA.InitiatingGateway.Process,Completed,,BusinessOperation,MA.QHIN.IHE.XCA.InitiatingGateway.Operations,,14:08.7,14:09.1,Request
1584307,0,,1584305,,1,Inproc,0,HS.Message.IHE.XCA.QueryResponse,1200966,Sync,,,1584253,BusinessOperation,MA.QHIN.IHE.XCA.InitiatingGateway.Operations,Completed,,BusinessProcess,MA.QHIN.IHE.XCA.InitiatingGateway.Process,,14:09.1,14:09.1,Response
1584308,0,,1584300,,1,Queue,0,HS.Message.IHE.XCA.QueryResponse,1200966,Sync,,,1584253,BusinessProcess,MA.QHIN.IHE.XCA.InitiatingGateway.Process,Completed,,BusinessProcess,MA.CEN.IHE.XDSb.Query.Process,_SyncCall:384112,14:09.1,14:09.1,Response
1584309,0,,,,1,Inproc,0,MA.Message.AddUpdateDocumentRequest,1200967,Sync,,,1584253,BusinessProcess,MA.CEN.IHE.XDSb.Query.Process,Completed,,BusinessProcess,MA.CEN.Registry.Document.Manager,,14:09.1,14:09.3,Request
1584310,0,,,,1,Inproc,0,MA.Message.AddUpdateDocumentRequest,1200967,Sync,,,1584253,BusinessProcess,MA.CEN.Registry.Document.Manager,Completed,,BusinessOperation,MA.CEN.Registry.Document.Operations,,14:09.1,14:09.3,Request
1584311,0,,,,1,Inproc,0,HS.Message.XMLMessage,360878,Sync,,,1584253,BusinessOperation,MA.CEN.Registry.Document.Operations,Completed,,BusinessProcess,MA.CEN.Registry.Document.Manager,,14:09.3,14:09.3,Response
1584312,0,,,,1,Inproc,0,HS.Message.XMLMessage,360878,Sync,,,1584253,BusinessProcess,MA.CEN.Registry.Document.Manager,Completed,,BusinessProcess,MA.CEN.IHE.XDSb.Query.Process,,14:09.3,14:09.3,Response
1584313,0,,,,1,Inproc,0,MA.Message.AddUpdateDocumentRequest,1200968,Sync,,,1584253,BusinessProcess,MA.CEN.IHE.XDSb.Query.Process,Completed,,BusinessProcess,MA.CEN.Registry.Document.Manager,,14:09.3,14:09.4,Request
1584314,0,,,,1,Inproc,0,MA.Message.AddUpdateDocumentRequest,1200968,Sync,,,1584253,BusinessProcess,MA.CEN.Registry.Document.Manager,Completed,,BusinessOperation,MA.CEN.Registry.Document.Operations,,14:09.3,14:09.4,Request
1584315,0,,,,1,Inproc,0,HS.Message.XMLMessage,360879,Sync,,,1584253,BusinessOperation,MA.CEN.Registry.Document.Operations,Completed,,BusinessProcess,MA.CEN.Registry.Document.Manager,,14:09.4,14:09.4,Response
1584316,0,,,,1,Inproc,0,HS.Message.XMLMessage,360879,Sync,,,1584253,BusinessProcess,MA.CEN.Registry.Document.Manager,Completed,,BusinessProcess,MA.CEN.IHE.XDSb.Query.Process,,14:09.4,14:09.4,Response
1584317,0,,,,1,Inproc,0,HS.Message.XMLMessage,360880,Sync,,,1584253,BusinessProcess,MA.CEN.IHE.XDSb.Query.Process,Completed,,BusinessService,MA.CEN.IHE.XDSb.Registry.Services,,14:09.4,14:09.4,Response
1593849,0,,,10.0.192.122 (Source IP),1,Inproc,0,HS.Message.XMLMessage,362966,Sync,,,1593849,BusinessService,MA.CEN.IHE.XCPD.RespondingGateway.Services,Completed,,BusinessProcess,MA.CEN.IHE.XCPD.Query.Process,,54:16.0,54:16.0,Request
1593850,0,,,,1,Inproc,0,HS.Message.PatientSearchRequest,1208151,Sync,,,1593849,BusinessProcess,MA.CEN.IHE.XCPD.Query.Process,Completed,,BusinessProcess,MA.CEN.Security.CSP.IASTokenValidationProcess,,54:16.0,54:16.0,Request
1593851,0,307051,1593856,,1,Inproc,0,HS.Message.AddUpdateHubRequest,1208152,Sync,,MA.CEN.Security.CSP.IASTokenValidationProcess:428078,1593849,BusinessProcess,MA.CEN.Security.CSP.IASTokenValidationProcess,Completed,,BusinessProcess,MA.CEN.Registry.Patient.Manager.IG,,54:16.0,54:16.0,Request
1593852,0,307052,,,1,Queue,0,HS.Message.AddUpdateHubRequest,1208153,Async,,,1593849,BusinessProcess,MA.CEN.Registry.Patient.Manager.IG,Completed,,BusinessProcess,MA.CEN.EMPI.ManagerV2,MA.CEN.EMPI.ManagerV2,54:16.0,54:16.1,Request
1593853,0,,,,1,Inproc,0,HS.Message.AddUpdateHubRequest,1208152,Sync,,,1593849,BusinessProcess,MA.CEN.Registry.Patient.Manager.IG,Completed,,BusinessOperation,MA.CEN.Registry.Patient.Operations.IG,,54:16.0,54:16.0,Request
1593854,0,,,,1,Inproc,0,HS.Message.AddUpdateHubRequest,1208154,Sync,,,1593849,BusinessProcess,MA.CEN.EMPI.ManagerV2,Completed,,BusinessOperation,MA.CEN.Hub.Operations,,54:16.0,54:16.1,Request
1593855,0,,,,1,Inproc,0,HS.Message.AddUpdateHubResponse,1208155,Sync,,,1593849,BusinessOperation,MA.CEN.Registry.Patient.Operations.IG,Completed,,BusinessProcess,MA.CEN.Registry.Patient.Manager.IG,,54:16.0,54:16.0,Response
1593856,0,307051,1593851,,1,Inproc,0,HS.Message.AddUpdateHubResponse,1208155,Sync,,,1593849,BusinessProcess,MA.CEN.Registry.Patient.Manager.IG,Completed,,BusinessProcess,MA.CEN.Security.CSP.IASTokenValidationProcess,MA.CEN.Security.CSP.IASTokenValidationProcess:428078,54:16.0,54:16.0,Response
1593857,0,,,,1,Inproc,0,MA.Message.ValidateIASTokenResponse,1208156,Sync,,,1593849,BusinessProcess,MA.CEN.Security.CSP.IASTokenValidationProcess,Completed,,BusinessProcess,MA.CEN.IHE.XCPD.Query.Process,,54:16.0,54:16.0,Response
1593858,0,,,,1,Inproc,0,HS.Message.PatientSearchRequest,1208151,Sync,,,1593849,BusinessProcess,MA.CEN.IHE.XCPD.Query.Process,Completed,,BusinessProcess,MA.CEN.Registry.Patient.Manager.IG,,54:16.0,54:16.0,Request
1593859,0,307054,,,1,Queue,0,HS.Message.AddUpdateHubRequest,1208157,Async,,,1593849,BusinessProcess,MA.CEN.Registry.Patient.Manager.IG,Completed,,BusinessProcess,MA.CEN.EMPI.ManagerV2,MA.CEN.EMPI.ManagerV2,54:16.0,54:16.1,Request
1593860,0,,,,1,Inproc,0,HS.Message.AddUpdateHubRequest,1208158,Sync,,,1593849,BusinessProcess,MA.CEN.Registry.Patient.Manager.IG,Completed,,BusinessOperation,MA.CEN.Registry.Patient.Operations.IG,,54:16.0,54:16.0,Request
1593861,0,,,,1,Inproc,0,HS.Message.AddUpdateHubResponse,1208160,Sync,,,1593849,BusinessOperation,MA.CEN.Registry.Patient.Operations.IG,Completed,,BusinessProcess,MA.CEN.Registry.Patient.Manager.IG,,54:16.0,54:16.0,Response
1593862,0,,,,1,Inproc,0,HS.Message.AddUpdateHubRequest,1208159,Sync,,,1593849,BusinessProcess,MA.CEN.EMPI.ManagerV2,Completed,,BusinessOperation,MA.CEN.Hub.Operations,,54:16.0,54:16.1,Request
1593863,0,,,,1,Inproc,0,MA.Message.PatientSearchResponse,1208161,Sync,,,1593849,BusinessProcess,MA.CEN.Registry.Patient.Manager.IG,Completed,,BusinessProcess,MA.CEN.IHE.XCPD.Query.Process,,54:16.0,54:16.0,Response
1593864,0,,,,1,Inproc,0,HS.Message.XMLMessage,362967,Sync,,,1593849,BusinessProcess,MA.CEN.IHE.XCPD.Query.Process,Completed,,BusinessService,MA.CEN.IHE.XCPD.RespondingGateway.Services,,54:16.0,54:16.0,Response
1593865,0,,,,1,Inproc,0,HS.Message.AddUpdateHubResponse,1208162,Sync,,,1593849,BusinessOperation,MA.CEN.Hub.Operations,Completed,,BusinessProcess,MA.CEN.EMPI.ManagerV2,,54:16.1,54:16.1,Response
1593866,0,,,,1,Inproc,0,HS.Message.AddUpdateHubResponse,1208164,Sync,,,1593849,BusinessOperation,MA.CEN.Hub.Operations,Completed,,BusinessProcess,MA.CEN.EMPI.ManagerV2,,54:16.1,54:16.1,Response